{
  "group": "tools",
  "type": "minecraft:crafting_shaped",
  "pattern": [
    "012",
    " 45",
    "6 8"
  ],
  "key": {
    "0": {
      "item": "mitems:copperingot"
    },
    "1": {
      "item": "mitems:copperingot"
    },
    "2": {
      "item": "mitems:copperingot"
    },
    "4": {
      "item": "minecraft:stick"
    },
    "5": {
      "item": "mitems:copperingot"
    },
    "6": {
      "item": "minecraft:stick"
    },
    "8": {
      "item": "mitems:copperingot"
    }
  },
  "result": {
    "item": "mitems:copperpickaxe",
    "count": 1
  }
}