{
  "display": {
    "background": "minecraft:textures/block/stone.png",
    "icon": {
      "item": "mitems:copperingot"
    },
    "title": {
      "translate": "advancements.copperking.title"
    },
    "description": {
      "translate": "advancements.copperking.descr"
    },
    "frame": "task",
    "show_toast": true,
    "announce_to_chat": true,
    "hidden": false
  },
  "criteria": {
    "copperking": {
      "trigger": "minecraft:consume_item",
      "conditions": {
        "item": {
          "item": "mitems:copperingot"
        }
      }
    }
  },
  "rewards": {
    "experience": 10
  }
}