{
  "display": {
    "icon": {
      "item": "mitems:copperpickaxe"
    },
    "title": {
      "translate": "advancements.nowweremining.title"
    },
    "description": {
      "translate": "advancements.nowweremining.descr"
    },
    "frame": "task",
    "show_toast": true,
    "announce_to_chat": true,
    "hidden": false
  },
  "criteria": {
    "nowweremining": {
      "trigger": "minecraft:consume_item",
      "conditions": {
        "item": {
          "item": "mitems:copperpickaxe"
        }
      }
    }
  },
  "rewards": {
    "experience": 1
  },
  "parent": "mitems:copperking"
}