{
  "_fv": 18,
  "_type": "recipe",
  "definition": {
    "recipeType": "Crafting",
    "xpReward": 0.0,
    "cookingTime": 200,
    "recipeRetstackSize": 1,
    "group": "",
    "recipeShapeless": false,
    "recipeSlots": [
      {
        "value": "CUSTOM:Copperingot"
      },
      {
        "value": ""
      },
      {
        "value": "CUSTOM:Copperingot"
      },
      {
        "value": "CUSTOM:Copperingot"
      },
      {
        "value": "CUSTOM:Copperingot"
      },
      {
        "value": "CUSTOM:Copperingot"
      },
      {
        "value": "CUSTOM:Copperingot"
      },
      {
        "value": "CUSTOM:Copperingot"
      },
      {
        "value": "CUSTOM:Copperingot"
      }
    ],
    "recipeReturnStack": {
      "value": "CUSTOM:CopperArmor.body"
    },
    "name": "copper_armor_body_recipe",
    "namespace": "mod"
  }
}