{
  "_fv": 18,
  "_type": "tool",
  "definition": {
    "renderType": 0,
    "texture": "copper_sword",
    "customModelName": "Normal",
    "name": "Coppersword",
    "specialInfo": [
      "copper sword"
    ],
    "creativeTab": {
      "value": "CUSTOM:Mitems"
    },
    "toolType": "Sword",
    "harvestLevel": 10,
    "efficiency": 4.0,
    "attackSpeed": 100.0,
    "enchantability": 100,
    "damageVsEntity": 100.0,
    "usageCount": 100,
    "blocksAffected": [],
    "hasGlow": false,
    "repairItems": [
      {
        "value": "CUSTOM:Copperingot"
      }
    ],
    "immuneToFire": false,
    "stayInGridWhenCrafting": false,
    "damageOnCrafting": false
  }
}