{
  "_fv": 18,
  "_type": "biome",
  "definition": {
    "name": "Copperbiome",
    "groundBlock": {
      "value": "CUSTOM:Copperblock"
    },
    "undergroundBlock": {
      "value": "CUSTOM:Copperore"
    },
    "airColor": {
      "value": -26368,
      "falpha": 0.0
    },
    "grassColor": {
      "value": -65536,
      "falpha": 0.0
    },
    "foliageColor": {
      "value": -3368704,
      "falpha": 0.0
    },
    "waterColor": {
      "value": -10027162,
      "falpha": 0.0
    },
    "waterFogColor": {
      "value": -16751002,
      "falpha": 0.0
    },
    "moodSoundDelay": 0,
    "spawnParticles": false,
    "particlesProbability": 0.0,
    "biomeCategory": "NONE",
    "parent": {
      "value": "No parent"
    },
    "rainingPossibility": 0.5,
    "temperature": 0.5,
    "baseHeight": 0.1,
    "heightVariation": 0.2,
    "biomeType": "COOL",
    "spawnBiome": true,
    "biomeWeight": 10,
    "biomeDictionaryTypes": [],
    "grassPerChunk": 4,
    "seagrassPerChunk": 20,
    "flowersPerChunk": 4,
    "mushroomsPerChunk": 0,
    "bigMushroomsChunk": 0,
    "sandPatchesPerChunk": 0,
    "gravelPatchesPerChunk": 0,
    "reedsPerChunk": 0,
    "cactiPerChunk": 0,
    "treesPerChunk": 3,
    "vanillaTreeType": "Default",
    "treeType": 1,
    "minHeight": 7,
    "maxWaterDepth": 0,
    "treeStem": {
      "value": "Blocks.MUSHROOM_STEM"
    },
    "treeBranch": {
      "value": "Blocks.LOG"
    },
    "treeVines": {
      "value": "Blocks.LEAVES#1"
    },
    "treeFruits": {
      "value": "CUSTOM:Copperblock"
    },
    "spawnStronghold": false,
    "spawnMineshaft": false,
    "spawnPillagerOutpost": false,
    "villageType": "none",
    "spawnWoodlandMansion": false,
    "spawnJungleTemple": false,
    "spawnDesertPyramid": false,
    "spawnIgloo": false,
    "spawnOceanMonument": false,
    "spawnShipwreck": false,
    "oceanRuinType": "NONE",
    "defaultFeatures": [
      "Caves",
      "MonsterRooms",
      "Structures",
      "Ores",
      "Caves",
      "FrozenTopLayer"
    ],
    "spawnEntries": [
      {
        "entity": {
          "value": "EntityBlaze"
        },
        "minGroup": 4,
        "maxGroup": 4,
        "weight": 20,
        "spawnType": "monster"
      }
    ]
  }
}