{
  "_fv": 18,
  "_type": "achievement",
  "definition": {
    "achievementName": "Copperking",
    "achievementDescription": "get a copper ingot",
    "achievementIcon": {
      "value": "CUSTOM:Copperingot"
    },
    "background": "Default",
    "disableDisplay": false,
    "showPopup": true,
    "announceToChat": true,
    "hideIfNotCompleted": false,
    "rewardLoot": [],
    "rewardRecipes": [],
    "rewardFunction": "No function",
    "rewardXP": 10,
    "achievementType": "task",
    "parent": {
      "value": "No parent: root"
    },
    "triggerxml": "<xml xmlns=\"https://developers.google.com/blockly/xml\"><block type=\"item_consumed\" x=\"49\" y=\"15\"><value name=\"item\"><block type=\"mcitem_all\"><field name=\"value\">CUSTOM:Copperingot</field></block></value><next><block type=\"advancement_trigger\" deletable=\"false\"></block></next></block></xml>"
  }
}