{
  "_fv": 18,
  "_type": "dimension",
  "definition": {
    "biomesInDimension": [
      {
        "value": "CUSTOM:Copperbiome"
      }
    ],
    "worldGenType": "Normal world gen",
    "mainFillerBlock": {
      "value": "CUSTOM:Copperblock"
    },
    "fluidBlock": {
      "value": "CUSTOM:Copperblock"
    },
    "airColor": {
      "value": -4138753,
      "frgbvalue": [
        0.753,
        0.847,
        1.0
      ],
      "fvalue": [
        0.753,
        0.847,
        1.0
      ],
      "falpha": 1.0
    },
    "canRespawnHere": false,
    "hasFog": false,
    "isDark": false,
    "doesWaterVaporize": false,
    "sleepResult": "ALLOW",
    "hasSkyLight": false,
    "imitateOverworldBehaviour": false,
    "portalFrame": {
      "value": "CUSTOM:Copperblock"
    },
    "portalParticles": {
      "value": "SNOWBALL"
    },
    "portalLuminance": 0,
    "portalSound": {
      "value": "block.portal.ambient"
    },
    "igniterName": "Copperdimension Portal Igniter",
    "igniterTab": {
      "value": "CUSTOM:Mitems"
    },
    "texture": "copper_portal_igniter",
    "portalTexture": "copper_block",
    "enablePortal": true
  }
}