{
  "_fv": 18,
  "_type": "achievement",
  "definition": {
    "achievementName": "Now we are goin nuts",
    "achievementDescription": "get a overpowered sword",
    "achievementIcon": {
      "value": "CUSTOM:Overpoweredsword"
    },
    "background": "Default",
    "disableDisplay": false,
    "showPopup": true,
    "announceToChat": true,
    "hideIfNotCompleted": false,
    "rewardLoot": [],
    "rewardRecipes": [],
    "rewardFunction": "No function",
    "rewardXP": 1,
    "achievementType": "task",
    "parent": {
      "value": "CUSTOM:Copperking"
    },
    "triggerxml": "<xml xmlns=\"https://developers.google.com/blockly/xml\"><block type=\"item_consumed\" x=\"100\" y=\"131\"><value name=\"item\"><block type=\"mcitem_all\"><field name=\"value\">CUSTOM:Overpoweredsword</field></block></value><next><block type=\"advancement_trigger\" deletable=\"false\"></block></next></block></xml>"
  }
}