{
  "_fv": 18,
  "_type": "achievement",
  "definition": {
    "achievementName": "Now were mining",
    "achievementDescription": "get a copper pickaxe",
    "achievementIcon": {
      "value": "CUSTOM:Copperpickaxe"
    },
    "background": "Default",
    "disableDisplay": false,
    "showPopup": true,
    "announceToChat": true,
    "hideIfNotCompleted": false,
    "rewardLoot": [],
    "rewardRecipes": [],
    "rewardFunction": "No function",
    "rewardXP": 1,
    "achievementType": "task",
    "parent": {
      "value": "CUSTOM:Copperking"
    },
    "triggerxml": "<xml xmlns=\"https://developers.google.com/blockly/xml\"><block type=\"item_consumed\" x=\"74\" y=\"32\"><value name=\"item\"><block type=\"mcitem_all\"><field name=\"value\">CUSTOM:Copperpickaxe</field></block></value><next><block type=\"advancement_trigger\" deletable=\"false\"></block></next></block></xml>"
  }
}