{
  "_fv": 18,
  "_type": "potion",
  "definition": {
    "name": "Potion of coppery",
    "effectName": "Potionofcoppery",
    "icon": "copperingot.png",
    "color": {
      "value": -26368,
      "falpha": 0.0
    },
    "isInstant": true,
    "isBad": false,
    "isBenefitical": false,
    "registerPotionType": true,
    "renderStatusInInventory": true,
    "renderStatusInHUD": true,
    "onStarted": {
      "name": "PotionofcopperyPotionStartedapplied"
    },
    "onExpired": {
      "name": "PotionofcopperyPotionExpires"
    }
  }
}